word,onset,offset
So,0.24,0.63
I,0.68,1.26
was,1.96,2.3
a,2.3,2.45
junior,2.46,3.14
in,3.14,3.41
college,3.41,4.2
when,4.79,5.0200000000000005
I,5.02,5.09
got,5.09,5.33
my,5.35,5.59
first,5.61,6.34
paying,7.11,7.630000000000001
in,7.64,7.659999999999999
my,8.929999,9.199999
field,9.21,9.99
on,10.29,10.5
the,10.5,10.62
radio,10.62,11.36
This,11.82,11.97
is,11.969999,12.089999
not,12.09,12.32
an,12.32,12.43
internship,12.429999,13.389999
I'm,13.83,14.04
getting,14.04,14.37
a,14.37,14.45
check,14.45,15.03
It,16.51,16.700000000000003
was,16.699999,16.869999
a,16.869999,16.969999
country,17.01,17.39
and,17.389999,17.519999
western,17.52,17.91
radio,17.91,18.31
station,18.32,18.86
and,20.77,20.96
my,20.96,21.15
job,21.15,21.58
though,21.59,21.84
it,21.84,21.94
was,21.95,22.18
only,22.18,22.71
on,22.98,23.18
the,23.18,23.29
weekends,23.29,24.1
was,24.58,24.84
to,24.84,24.99
play,24.99,25.69
the,26.05,26.22
top,26.22,26.7
country,26.91,27.43
hits,27.429999,28.019999
of,28.349999,28.619999
the,28.62,28.71
week,28.71,29.23
each,29.849999,30.169999
Sunday,30.17,30.76
It,31.44,31.58
actually,31.58,32.129999999999995
came,32.15,32.67
on,32.67,32.83
an,32.83,32.94
album,32.94,33.52
pre,34.049999,34.229999
recorded,34.230000000000004,34.730000000000004
so,35.539999,35.819999
I,35.859999,36.109999
had,36.119999,36.369999
to,36.37,36.66
take,36.78,37.03
it,37.03,37.14
out,37.14,37.26
of,37.260000000000005,37.400000000000006
the,37.4,37.49
sleeve,37.49,38.34
and,39.84,40.080000000000005
put,40.09,40.28
it,40.28,40.39
on,40.39,40.52
the,40.52,40.62
turntable,40.63,41.220000000000006
just,41.22,41.49
so,41.49,41.85
and,42.69,42.88
put,42.88,43.04
the,43.04,43.16
needle,43.16,43.56
down,43.56,44.2
on,44.639999,44.879999000000005
side,44.88,45.32
one,45.32,45.82
caring,46.29,46.88
not,47.54,47.76
to,47.759999,47.839999
scratch,47.84,48.18000000000001
it,48.179999,48.369999
and,49.559999,49.769999
then,49.77,49.92999999999999
let,49.929999,50.129999000000005
part,50.13,50.38
one,50.389999,50.609999
play,50.61,50.99
My,52.23,52.440000000000005
moment,52.440001,52.81000099999999
is,52.809999000000005,52.959999
coming,52.98,53.43000000000001
now,53.43,53.82
Yes,54.85,55.14
all,55.15,55.29
the,55.29,55.38
training,55.38,55.84
it's,55.84,56.010000000000005
coming,56.01,56.38
now,56.38,56.68
When,56.93,57.16
side,57.16,57.62
one,57.62,57.91
would,57.91,58.1
end,58.1,58.620000000000005
I,58.91,59.06999999999999
had,59.08,59.36
to,59.36,59.61
lift,59.75,60.4
the,60.5,60.71
needle,60.71,61.12
and,63.57,63.75
here's,63.75,63.98
my,63.98,64.13000000000001
moment,64.13,64.6
I,65.889999,66.029999
get,66.03,66.23
to,66.23,66.35000000000001
read,66.349999,66.689999
the,66.69,66.78999999999999
weather,66.78999999999999,67.10999999999999
live,67.11,67.77
for,67.82,68.00999999999999
Jefferson,68.009999,68.60999899999999
City,68.61,68.92
Missouri,68.99,69.53
Then,75.13,75.35
I,75.35,75.44999999999999
played,75.46,75.74
commercials,75.74,76.33999999999999
and,76.34,76.53
while,76.53,77.06
the,77.07,77.22999999999999
commercials,77.25,77.87
were,77.87,78.01
playing,78.01,78.34
I,78.34,78.49000000000001
had,78.5,78.76
to,78.76,79.01
flip,79.29,79.83000000000001
the,79.96,80.19999999999999
album,80.2,80.86
put,81.78999999999999,81.99
it,81.99,82.13
back,82.28,82.64
down,82.7,83.14
on,83.139999,83.28999900000001
the,83.28999999999999,83.39999999999999
turntable,83.41,84.17999999999999
put,84.36,84.54
the,84.53999999999999,84.63999999999999
needle,84.639999,84.999999
back,85.009999,85.269999
down,85.33,85.64999999999999
now,85.65,85.94000000000001
on,85.95,86.22
side,86.23,86.95
two,86.969999,87.779999
and,88.369999,88.559999
let,88.559999,88.859999
part,88.959999,89.259999
two,89.27,89.69
of,89.779999,89.949999
the,89.94999899999999,89.99999899999999
top,90.0,90.25
country,90.27,90.6
hits,90.6,91.02
of,91.23,91.42
the,91.42,91.49
week,91.49,91.69
play,91.69,92.09
You,92.94,93.11
know,93.11,93.22
when,93.22,93.38
you're,93.38,93.52
getting,93.52,93.84
a,93.84,93.93
degree,93.94,94.68
in,94.79,94.99
communications,94.99,96.06
or,96.06,96.31
broadcasting,96.79,97.93
they,98.24,98.43
teach,98.429999,98.789999
you,98.79,99.13
all,99.22,99.43
kinds,99.429999,99.999999
of,100.0,100.2
stuff,100.2,100.86
but,101.3,101.53
they,101.53,101.72
do,101.719999,101.979999
not,101.98,102.31
teach,102.309999,102.659999
you,102.66,103.03
how,103.57,103.94
to,103.969999,104.129999
flip,104.13,104.41
an,104.41,104.52
album,104.52,105.12
in,106.66,106.89
record,106.889999,107.209999
time,107.209999,107.879999
before,108.48,108.92
the,108.92,109.04
commercial,109.059999,109.529999
break,109.53,109.86
ends,109.86,110.62
My,111.69,111.95
career,111.95,112.59
would,112.59,112.77
eventually,112.77,113.38
bring,113.39,113.66
me,113.66,113.85
here,113.86,114.62
to,115.16,115.36
St,115.36,115.63
Louis,115.63,116.25
It's,118.099999,118.369999
the,118.38,118.56
largest,118.559999,119.489999
market,119.49,120.08
I,120.429999,120.639999
had,120.639999,120.749999
ever,120.75,120.95
been,120.95,121.2
in,121.2,121.64
I,122.179999,122.579999
was,122.589999,122.879999
excited,122.88,124.05
and,124.41,124.69
I,124.690001,124.860001
was,124.869999,125.119999
nervous,125.139999,126.349999
and,127.17,127.38
so,127.38,127.67
I,127.7,127.98
am,127.98,128.65
trying,129.07,129.57
to,129.57,129.70999999999998
get,129.71,129.88
to,129.88,129.99
know,129.99,130.15
the,130.15,130.26000000000002
community,130.26,131.01
And,131.67,131.80999999999997
so,131.81,131.94
I'm,131.94,132.07
going,132.07,132.35
to,132.37,132.61
every,132.62,133.17000000000002
fundraiser,133.17,133.98
and,133.98,134.19
every,134.21,134.69
event,134.69,135.09
I,135.09,135.20000000000002
can,135.2,135.41
think,135.42,135.67
of,135.67,136.07999999999998
and,136.65,136.82
after,136.82,137.16
one,137.16,137.4
of,137.4,137.53
those,137.53,137.78
events,137.78,138.49
I,138.71,138.86
promise,138.86,139.32000000000002
you,139.32,139.42
it,139.42,139.48999999999998
was,139.49,139.63
actually,139.63,140.07
here,140.07,140.61
at,140.98,141.19
the,141.19,141.3
Sheldon,141.299999,141.989999
in,142.18,142.4
St,142.4,142.72
Louis,142.719999,143.049999
Missouri,143.09,143.73
a,144.049999,144.12999900000003
young,144.129999,144.449999
man,144.449999,144.67999899999998
approached,144.68,145.28
me,145.279999,145.449999
outside,145.509999,146.219999
on,146.39,146.58999999999995
the,146.59,146.72
sidewalk,146.72,147.51
He,147.95,148.11
was,148.11,148.29000000000002
black,148.29,148.81
and,149.76,149.91
he,149.91,150.02
said,150.03,150.33
to,150.33,150.48000000000002
me,150.48,150.89999999999998
I,152.11,152.37
knew,152.37,152.84
you,152.849999,153.039999
were,153.04,153.16
black,153.16,153.68
Now,164.37,164.39
keep,164.42,164.70999999999998
in,164.71,164.86
mind,164.86,165.49
that,166.37,166.61
I,166.61,166.72000000000003
had,166.87,167.16
heard,167.17,167.86999999999998
pretty,168.1,168.32999999999998
much,168.33,168.59
my,168.59,168.75
whole,168.75,168.99
adult,168.99,169.34
life,169.34,169.92000000000002
You,170.26,170.51999999999998
sound,170.52,170.83
white,170.83,171.37
I'd,171.52,171.76000000000002
heard,171.76,172.07
that,172.07,172.54
I'd,173.01,173.25
heard,173.25,173.71
Oh,174.13,174.34
you,174.34,174.55
sound,174.55,174.84
white,174.84,175.28
You,176.53,176.69
sound,176.69,176.91
like,176.91,177.02
a,177.02,177.08
white,177.08,177.29000000000002
girl,177.29,177.62
I'd,177.65,177.88
heard,177.88,178.23
that,178.23,178.72
but,179.07,179.23
I,179.23,179.39999999999998
had,179.41,179.67
never,179.68,180.51
ever,180.549999,181.259999
heard,181.27,182.01
I,182.78,182.94
knew,182.94,183.15
you,183.16,183.31
were,183.31,183.41
black,183.41,183.95
So,187.1,187.48
he,187.48,187.7
tells,187.7,188.22
me,188.22,188.39
about,188.389999,188.829999
this,189.08,189.31
debate,189.33,189.79
apparently,189.83,190.51
that,190.51,190.68
had,190.679999,190.839999
been,190.84,191.01
going,191.01,191.34
on,191.34,191.67
in,191.69,191.93
St,191.929999,192.259999
Louis,192.259999,192.899999
when,194.849999,195.119999
I,195.29,195.3
first,195.299999,195.609999
started,195.61,196.14
here,196.139999,196.659999
People,197.75,198.37
told,198.4,198.72
him,198.72,199.08
Oh,199.12,199.27
no,199.27,199.67
no,199.69,199.89
she's,199.89,200.12
white,200.12,200.4
man,200.4,200.7
she's,200.7,200.93
white,200.93,201.16
she,201.17,201.34
sounds,201.34,201.68
white,201.68,201.94
she's,201.94,202.15
white,202.15,202.67
and,203.48,203.7
he,203.7,204.28
convinced,204.32,205.34
having,205.98,206.27
never,206.27,206.46
met,206.46,206.68
me,206.679999,207.039999
that,207.7,207.91
I,207.91,207.99
was,207.99,208.18
black,208.179999,208.709999
Well,209.71,209.92
as,209.94,210.14
it,210.139999,210.259999
turns,210.259999,210.589999
out,210.59,211.11
he,211.219999,211.419999
was,211.42,211.61
right,211.61,212.09
I,215.0,215.23
I,215.789999,215.989999
am,215.99,216.16
black,216.16,216.72
But,218.07,218.22
this,218.22,218.4
whole,218.4,218.74
debate,218.75,219.29
sort,219.29,219.63
of,219.63,219.98
messed,220.37,220.8
with,220.8,220.97
my,220.97,221.16
head,221.16,221.63
a,221.63,221.7
little,221.7,221.96
bit,221.96,222.42
I,222.8,222.96
thought,222.96,223.26
here,223.26,223.56
I,223.56,223.68
am,223.68,224.19
major,224.2,224.79
market,224.8,225.59
fantastic,225.9,226.77
job,226.78,227.26
of,227.27,227.4
my,227.4,227.62
dreams,227.62,228.64
and,229.099999,229.259999
people,229.259999,229.589999
still,229.59,229.93
don't,229.929999,230.199999
know,230.21,230.7
who,230.719999,230.999999
I,231.0,231.21
am,231.24,231.69
all,232.029999,232.469999
of,232.49,232.67
who,232.67,232.87
I,232.869999,233.039999
am,233.059999,233.529999
So,234.709999,235.009999
I,235.01,235.14
hatch,235.15,235.91
the,236.85,237.0
secret,237.0,237.38
plan,237.38,238.03
This,239.02,239.23
mission,239.23,239.86
I,240.68,240.77
didn't,240.77,240.93
tell,240.93,241.09
anybody,241.09,241.49
about,241.49,241.81
it,241.81,242.05
I,242.49,242.69
am,242.69,242.86
going,242.86,243.23
to,243.23,243.38
start,243.38,243.61
dropping,243.62,244.02
hints,244.02,244.3
on,244.3,244.41000000000005
the,244.41,244.52
air,244.53,244.95
so,248.29,248.52
people,248.52,249.06
so,249.44,249.62
people,249.62,249.87
will,249.87,249.99
know,249.99,250.48
who,250.539999,250.939999
I,250.940001,251.140001
am,251.139999,251.619999
And,252.65,252.83
so,252.83,252.98
my,252.98,253.2
first,253.2,253.65
hint,253.65,254.22
is,254.73,254.96
me,254.97,255.29
discussing,255.29,255.89
an,255.89,256.02
article,256.03,256.53
I'd,256.57,256.9
read,256.9,257.42
in,257.66,257.90000000000003
Essence,257.94,258.39
magazine,258.39,259.12
Anybody,261.639999,262.019999
Essence,262.11,262.58000000000004
Yes,262.61,262.95
you,262.98,263.13
get,263.13,263.35
it,263.349999,263.499999
Essence,264.349999,264.69999900000005
Magazine,264.7,265.19
of,265.19,265.26
course,265.29,265.76000000000005
targets,266.009999,266.389999
African,266.389999,266.729999
American,266.73,267.08000000000004
women,267.08,267.35
and,267.349999,267.499999
so,267.5,267.72
I,267.719999,267.839999
think,267.87,268.09000000000003
surely,268.09,268.6
now,268.6,268.8
they,268.799999,268.979999
know,268.98,269.19
They,269.34,269.57
know,269.57,270.11
They,270.61,270.76
got,270.76,270.98
to,270.99,271.06
know,271.059999,271.319999
now,271.32,271.82
Debate,272.01,272.46
put,272.47,272.70000000000005
to,272.7,272.87
a,272.87,272.96
rest,272.96,273.59
So,275.0,275.28
I,275.33,275.52
am,275.52,275.73
now,275.73,276.26
all,276.27,276.64
about,276.64,276.99
town,277.0,277.59
and,277.59,277.77
people,277.98,278.25
are,278.25,278.29
beginning,278.29,278.64000000000004
to,278.639999,278.769999
recognize,278.77,279.29999999999995
me,279.32,279.48
just,279.48,279.91
from,279.92,280.21000000000004
my,280.21,280.39
voice,280.389999,281.159999
I'm,281.929999,282.139999
at,282.139999,282.299999
the,282.3,282.43
grocery,282.44,282.93
store,282.929999,283.759999
I'm,284.12,284.33
chasing,284.34,284.78
my,284.78,284.92999999999995
kids,284.929999,285.189999
at,285.19,285.3
the,285.299999,285.39999900000004
St,285.4,285.67
Louis,285.67,285.94
zoo,285.94,286.4
yelling,286.41,286.82000000000005
at,286.82,286.96
them,286.959999,287.329999
people,287.34,287.67
are,287.67,287.74
recognizing,287.74,288.72
my,288.97,289.24
voice,289.24,289.94
I'm,291.23,291.37
gonna,291.37,291.5
drop,291.5,291.73
another,291.73,292.0
hint,292.0,292.46
on,292.61,292.79
the,292.79,292.92
air,292.92,293.33000000000004
I'm,293.97,294.11
enjoying,294.11,294.44
the,294.44,294.53
secret,294.53,294.82
mission,294.82,295.24
And,296.429999,296.64999900000004
so,296.65,297.22
I,297.46,297.73
described,297.77,298.67
trying,298.679999,299.209999
to,299.21,299.67
make,300.02,300.39
my,300.4,300.7
mother's,300.7,301.35
collard,301.389999,301.899999
greens,301.9,302.66
Boom,306.23,306.77
They,309.09,309.26
got,309.26,309.49
to,309.49,309.57
know,309.57,309.88
They,311.15,311.42
got,311.43,311.74
to,311.88,312.06
know,312.06,312.37
now,312.37,312.85
that,313.65,313.89
I'm,313.89,314.02
a,314.02,314.08
black,314.08,314.38
woman,314.38,314.79
One,316.469999,316.779999
day,316.78,316.95
at,316.95,317.08
one,317.08,317.24
of,317.24,317.34000000000003
these,317.34,317.54
many,317.54,317.83000000000004
events,317.83,318.34
an,318.34,318.48999999999995
education,318.49,319.24
panel,319.259999,319.749999
discussion,319.77,320.46
after,320.46,320.75
it's,320.75,320.98
over,320.98,321.42
I'm,321.42,321.58000000000004
in,321.87,322.02
a,322.02,322.09
small,322.09,322.39
group,322.389999,322.579999
of,322.58,322.68
people,322.68,323.08
and,323.08,323.17
we,323.17,323.32
are,323.32,323.42
talking,323.42,323.99
and,325.43,325.62
an,325.62,325.83
older,325.92,326.34000000000003
white,326.34,326.54999999999995
gentleman,326.56,327.0
walks,327.0,327.29
up,327.29,327.47
to,327.47,327.62
me,327.62,327.98
and,328.87,329.03000000000003
he,329.03,329.17
says,329.17,329.84000000000003
You,330.57,330.79
speak,330.79,331.13
well,331.13,331.73
for,331.74,331.99
your,331.99,332.18
people,332.179999,332.669999
I,337.099999,337.229999
could,337.23,337.42
feel,337.42,337.90000000000003
what,337.969999,338.189999
you,338.19,338.36
just,338.36,338.59000000000003
said,338.589999,339.109999
I,340.18,340.29
could,340.289999,340.489999
feel,340.68,340.98
it,340.98,341.29
in,341.539999,341.75999900000005
my,341.76,341.98
stomach,341.99,342.68
rising,342.68,343.68
to,344.24,344.40000000000003
my,344.4,344.58
heart,344.58,345.36
to,345.84,346.04999999999995
my,346.05,346.29
throat,346.29,346.99
and,347.04,347.21000000000004
I,347.21,347.33
said,347.34,347.6
to,347.6,347.73
him,347.73,348.1
well,349.13,349.4
well,349.58,349.77
what,349.77,349.94
people,349.94,350.31
are,350.309999,350.369999
you,350.37,350.48
referring,350.48,350.99
to,350.99,351.38
Now,352.48,352.73
mhm,352.75,353.27
I,353.4,353.56
knew,353.559999,353.809999
what,353.809999,353.999999
he,354.0,354.1
meant,354.099999,354.439999
We,356.139999,356.239999
all,356.58,356.69
know,356.69,356.91
what,356.91,357.14000000000004
he,357.15,357.33
meant,357.33,357.51
but,358.84,359.0
I,359.0,359.1
wanted,359.109999,359.46999900000003
him,359.46999900000003,359.929999
to,360.039999,360.229999
say,360.23,360.54
it,360.57,360.66
out,360.690001,360.830001
of,360.83,360.93
his,360.93,361.06
own,361.07,361.23
mouth,361.27,361.52
I,361.52,361.55
wanted,361.55,361.79
him,361.79,361.91
to,361.91,362.02
say,362.02,362.43
it,362.43,362.77
and,363.45,363.66
he,363.66,363.83
said,363.83,364.15
it,364.15,364.37
You,366.13,366.3
know,366.3,366.63
black,366.725,367.105
people,367.15,367.58
So,369.21,369.49
now,369.49,370.14
it's,370.27,370.51
really,370.51,370.77
gurgling,370.77,371.36
It,371.73,371.9
is,371.9,372.03
threatening,372.03,372.55
to,372.55,372.71
come,372.719999,372.999999
spewing,373.009999,373.809999
out,373.87,374.04
of,374.04,374.18
my,374.179999,374.379999
mouth,374.38,374.8
I,375.12,375.38
am,375.38,376.03
embarrassed,376.27,377.39
because,377.5,377.84
people,377.859999,378.259999
are,378.26,378.41
standing,378.73,379.32
around,379.32,379.82
and,379.88,380.1
they're,380.26,380.5
hearing,380.55,381.09
this,381.09,381.71
and,382.16,382.35
I'm,382.35,382.5100000000001
angry,382.51,383.15
How,383.99,384.21
dare,384.22,384.55
he,384.55,384.78
diminish,384.79,385.4
me,385.42,385.82
And,387.34,387.57
I'm,387.57,388.01
indignant,388.059999,388.979999
even,389.309999,389.829999
and,390.38,390.48
before,390.48,390.77
I,390.77,390.83
could,390.83,390.99
say,390.99,391.28
another,391.28,391.67
word,391.67,392.43
he,392.639999,393.059999
says,393.059999,393.469999
to,393.469999,393.669999
me,393.67,394.1
Have,394.699999,394.849999
you,394.85,394.9500000000001
had,394.949999,395.139999
any,395.139999,395.309999
training,395.309999,396.069999
She,398.84,399.15
said,399.15,399.7
Well,403.96,404.36
I,404.36,404.56
said,404.58,405.06
Nope,405.98,406.42
My,409.889999,410.109999
father,410.11,410.49
speaks,410.49,410.85
this,410.88,411.11
way,411.11,411.42
my,411.91,412.11
mother,412.109999,412.509999
speaks,412.51,412.91
this,412.92,413.15
way,413.15,413.47
and,413.68,413.88
they're,413.879999,414.039999
from,414.039999,414.219999
Mississippi,414.219999,414.909999
My,416.1,416.3200000000001
siblings,416.32,416.89
all,416.89,417.06
speak,417.06,417.34
this,417.34,417.58
way,417.58,417.93
God,418.67,419.04
given,419.05,419.38
talent,419.38,419.96
no,420.29,420.52
training,420.52,421.11
no,421.26,421.53
classes,421.53,422.25
none,423.04,423.54
of,423.54,423.65
that,423.65,423.97
just,424.32,424.59
little,424.599999,424.969999
old,424.969999,425.229999
me,425.279999,425.609999
But,434.109999,434.139999
I'm,434.31,434.5
still,434.53,434.89
feeling,434.89,435.56
the,435.58,435.73
secret,435.74,436.2
mission,436.2,436.8
so,437.65,437.92
I,437.92,438.02
decide,438.02,438.63
to,438.64,439.07
engage,439.09,439.57
in,439.57,439.72
a,439.72,439.8
drop,439.81,440.15
the,440.15,440.27
mic,440.425,440.7
moment,440.7,441.32
It's,442.23,442.34
closer,442.34,442.67
to,442.67,442.75
Thanksgiving,442.75,443.4
now,443.4,443.79
when,443.79,444.0
I,444.0,444.15
drop,444.16,444.48
this,444.49,444.8
hint,444.799999,445.299999
and,445.809999,446.019999
I,446.02,446.1
describe,446.099999,446.609999
again,446.639999,447.129999
um,447.16,447.42
one,447.46,447.67
of,447.67,447.72
my,447.719999,447.869999
mother's,447.87,448.27
recipes,448.27,449.28
for,449.84,450.03
cornbread,450.029999,450.629999
dressing,450.769999,451.159999
and,452.31,452.55
I,452.55,452.64
took,452.64,452.9
care,452.9,453.34
on,453.36,453.53
the,453.53,453.69
air,453.7,453.98
to,453.98,454.16
say,454.16,454.49
not,454.49,454.8
bread,454.81,455.21
not,455.22,455.55
white,455.55,455.89
bread,455.89,456.26
dressing,456.26,456.86
but,457.4,457.66
cornbread,457.7,458.53
dressing,458.54,458.98
where,458.98,459.09
you,459.09,459.28
make,459.28,459.49
the,459.49,459.59
cornbread,459.59,460.37
the,460.58,460.74
night,460.74,461.05
before,461.05,461.71
and,462.03,462.26
then,462.259999,462.379999
you,462.38,462.54
soak,462.54,462.87
it,462.87,463.13
Cornbread,463.469999,464.249999
dressing,464.25,464.7
and,464.7,464.82
I,464.82,464.92
thought,464.929999,465.159999
boom,465.17,465.52
mic,465.53,465.86
moment,465.86,466.19
they,466.199999,466.359999
got,466.359999,466.609999
to,466.609999,466.719999
know,466.719999,466.93999900000006
I'm,466.940001,467.060001
through,467.059999,467.209999
I,467.549999,467.689999
can,467.699999,467.779999
go,467.779999,467.879999
home,467.879999,468.079999
now,468.08,468.34
They,469.52,469.69
know,469.69,469.89
I'm,469.89,470.02
black,470.02,470.37
They,470.46,470.64
know,470.64,470.83
I'm,470.83,470.93
black,470.93,471.21
now,471.21,471.5
And,473.25,473.5
so,473.5,474.05
on,474.79,474.97
the,474.97,475.13000000000005
air,475.14,475.75
one,476.57,476.84
day,476.84,477.3
I,478.52,478.63
was,478.63,478.79
just,478.79,479.05
remembering,479.24,480.34
this,480.719999,480.929999
conversation,480.929999,481.899999
I'd,481.9,482.05
had,482.059999,482.359999
with,482.36,482.5
these,482.5,482.74
two,482.759999,483.289999
women,483.299999,483.959999
These,484.49,484.74
two,484.77,485.1
petite,485.119999,485.889999
older,486.25,486.78
black,486.779999,487.099999
women,487.109999,487.599999
Gray,487.769999,487.799999
hair,487.799999,487.829999
quaffed,489.27,490.18
One,492.43,492.77
had,492.78,492.94
a,492.94,493.01
single,493.01,493.37
strand,493.37,493.82
of,493.83,493.86
pearls,493.86,494.83
They,495.599999,495.779999
both,495.78,496.05
had,496.05,496.24
a,496.24,496.31
touch,496.309999,496.629999
of,496.63,496.78
makeup,496.78,497.41
and,498.86,499.06
one,499.059999,499.199999
of,499.2,499.3
them,499.299999,499.439999
took,499.45,499.68
me,499.679999,499.819999
by,499.82,500.04
each,500.08,500.38
hand,500.38,500.95
and,500.95,501.12
she,501.339999,501.569999
pulled,501.57,502.01
me,502.01,502.15
close,502.15,502.53
and,502.529999,502.649999
the,502.65,502.75
other,502.76,502.96
leaned,502.959999,503.519999
in,503.52,503.76
so,503.76,503.92
she,503.92,504.12
could,504.119999,504.269999
hear,504.27,504.68
and,505.96,506.13
she,506.13,506.31
said,506.31,506.58
to,506.58,506.71
me,506.71,507.1
We,507.67,508.57
are,508.87,509.1
so,509.12,510.0
proud,510.36,511.3
of,511.86,512.1800000000001
you,512.179999,512.7299989999999
And,515.62,515.78
I,515.78,515.8299999999999
got,515.83,516.0
a,516.0,516.06
lump,516.059999,516.299999
in,516.3,516.42
my,516.42,516.56
throat,516.559999,516.9599989999999
And,518.07,518.24
I,518.24,518.33
knew,518.33,518.5500000000001
what,518.549999,518.749999
they,518.75,518.9
meant,518.9,519.37
They're,519.99,520.17
looking,520.17,520.41
at,520.41,520.53
me,520.539999,521.049999
this,521.629999,521.839999
young,521.85,522.5600000000001
talented,523.12,524.1400000000001
black,524.73,525.0600000000001
woman,525.06,525.5999999999999
making,526.29,526.7099999999999
her,526.71,526.85
mark,526.85,527.59
on,527.84,528.0300000000001
this,528.03,528.22
big,528.23,528.52
radio,528.53,529.05
station,529.05,529.65
in,530.02,530.3
St,530.3,530.62
Louis,530.62,531.32
But,531.94,532.1800000000001
I'm,532.27,532.61
looking,532.61,532.89
at,532.889999,533.029999
them,533.04,533.56
They,535.57,535.73
have,535.73,535.89
seen,535.889999,536.469999
and,536.469999,536.609999
experienced,536.61,537.28
more,537.28,537.63
than,537.63,537.82
I,537.82,537.9200000000001
will,537.92,538.14
ever,538.199999,538.579999
see,538.58,539.0
or,539.0,539.18
experience,539.18,539.7399999999999
or,539.76,539.92
have,539.92,540.3499999999999
to,540.35,540.53
see,540.529999,540.9499989999999
or,541.459999,541.6599990000001
experience,541.7399990000001,542.709999
I'm,543.2899990000001,543.5299990000001
looking,543.5299990000001,543.6499990000001
at,543.82,543.95
history,543.95,544.7900000000001
in,545.54,545.75
its,545.75,545.97
face,545.98,546.65
and,547.29,547.4699999999999
I,547.47,547.53
can,547.53,547.76
feel,547.77,548.15
it,548.15,548.5
One,550.28,550.5
day,550.5,550.76
we're,550.76,550.87
in,550.87,551.0
this,551.0,551.39
debate,551.809999,552.299999
on,552.3,552.4399999999999
the,552.44,552.58
air,552.59,553.13
We,554.4,554.53
were,554.53,554.64
talking,554.639999,555.089999
about,555.089999,555.399999
a,555.4,555.6
it,555.78,555.8399999999999
was,555.839999,555.959999
a,555.96,556.01
controversy,556.01,556.89
An,558.09,558.24
organization,558.25,559.12
one,559.13,559.34
of,559.34,559.4300000000001
many,559.44,559.97
decided,561.39,561.83
to,561.83,561.9000000000001
walk,561.9,562.17
out,562.17,562.41
onto,562.41,562.6899999999999
the,562.69,562.82
highway,562.82,563.5200000000001
not,564.8,565.04
a,565.04,565.11
road,565.11,565.77
but,565.91,566.0699999999999
the,566.07,566.21
interstate,566.21,567.0400000000001
and,568.34,568.6600000000001
stop,568.82,569.21
the,569.21,569.34
traffic,569.34,569.85
and,569.87,570.17
shut,570.23,570.66
it,570.66,570.81
down,570.809999,571.279999
They,572.33,572.48
were,572.48,572.62
protesting,572.639999,573.599999
the,573.839999,574.0399990000001
lack,574.039999,574.389999
of,574.389999,574.549999
minority,574.549999,575.169999
jobs,575.17,575.6899999999999
in,575.719999,575.9199990000001
construction,575.92,576.79
And,576.57,576.8000000000001
so,577.95,578.07
one,578.07,578.22
of,578.22,578.3100000000001
the,578.31,578.39
organizations,578.39,579.06
that,579.06,579.1999999999999
was,579.2,579.38
involved,579.38,580.39
was,581.03,581.1999999999999
one,581.2,581.46
I,581.46,581.75
knew,581.9,582.18
of,582.18,582.54
from,583.04,583.2199999999999
the,583.22,583.3000000000001
time,583.3,583.5799999999999
I,583.58,583.63
lived,583.63,583.84
in,583.84,583.97
Kansas,583.97,584.3000000000001
City,584.3,584.52
Missouri,584.52,584.89
but,584.889999,585.019999
my,585.02,585.16
co,585.16,585.36
host,585.36,585.64
at,585.639999,585.759999
the,585.76,585.86
time,585.87,586.41
had,586.75,586.96
never,586.96,587.22
heard,587.219999,587.469999
of,587.469999,587.619999
them,587.62,587.94
and,588.509999,588.679999
so,588.679999,588.8599989999999
he,588.86,589.0500000000001
was,589.049999,589.259999
truly,589.27,589.85
dismissive,589.849999,590.599999
and,591.639999,591.859999
I,591.889999,592.139999
was,592.16,592.3399999999999
truly,592.369999,592.929999
frustrated,592.940001,593.850001
And,595.5500010000001,595.590001
I'm,595.76,595.93
thinking,595.93,596.66
this,597.14,597.54
is,597.55,597.76
a,597.76,597.87
movement,597.88,598.58
moment,598.59,599.45
this,600.32,600.61
is,600.63,600.84
a,600.84,600.9300000000001
moment,600.93,601.4699999999999
where,601.48,601.71
you,601.71,602.1
either,602.36,602.73
educate,602.75,603.58
or,604.599999,604.7899990000001
chastise,604.79,605.9699999999999
or,606.45,606.6800000000001
enlighten,606.69,607.25
I,607.25,607.26
think,608.63,608.82
I'm,608.82,608.9000000000001
gonna,608.9,608.97
do,608.969999,609.139999
all,609.139999,609.269999
three,609.27,609.61
But,612.699999,612.8899990000001
I,612.889999,613.019999
am,613.02,613.23
also,613.38,613.81
thinking,613.84,614.5
and,615.84,616.02
I,616.02,616.11
am,616.11,616.26
also,616.28,616.63
worried,616.63,617.34
I'm,618.12,618.29
still,618.29,618.6999999999999
kind,618.79,618.99
of,618.99,619.12
new,619.12,619.37
here,619.38,619.98
I'm,621.679999,621.879999
still,621.91,622.25
young,622.25,622.99
I'm,623.259999,623.639999
I'm,623.719999,623.949999
a,623.95,624.0300000000001
woman,624.03,624.88
I'm,625.08,625.34
black,625.34,625.98
and,626.259999,626.5699989999999
I'm,626.599999,626.879999
pregnant,626.88,627.6899999999999
and,629.43,629.63
I'm,629.629999,629.819999
worried,629.82,630.34
about,630.34,630.62
the,630.65,630.73
stereotype,630.73,631.64
of,631.64,631.8
the,631.8,631.9699999999999
angry,631.97,632.35
black,632.35,632.6700000000001
woman,632.67,633.02
and,633.02,633.1999999999999
and,633.44,633.62
yet,633.62,633.91
I'm,633.91,634.0799999999999
also,634.09,634.48
worried,634.48,635.01
that,635.01,635.17
I,635.17,635.3299999999999
don't,635.6,635.85
speak,635.85,636.15
up,636.15,636.3
enough,636.3,636.75
about,636.76,637.0699999999999
black,637.07,637.36
issues,637.36,637.82
I'm,637.82,637.97
thinking,637.97,638.38
all,638.44,638.94
of,638.96,639.19
this,639.19,639.73
And,641.67,641.8399999999999
I,641.84,641.9200000000001
dive,641.929999,642.2299989999999
right,642.23,642.4200000000001
in,642.42,642.88
and,644.66,644.8199999999999
I,644.82,644.9200000000001
said,644.929999,645.149999
to,645.15,645.26
him,645.259999,645.689999
You,646.549999,646.799999
know,646.799999,646.9699989999999
they're,646.969999,647.109999
in,647.109999,647.219999
the,647.219999,647.319999
yellow,647.32,647.62
pages,647.619999,648.259999
You,649.899999,649.919999
can,650.09,650.24
look,650.24,650.39
them,650.39,650.52
up,650.52,650.71
right,650.71,651.0
now,651.0,651.31
and,651.33,651.6
call,651.62,652.08
them,652.1,652.37
they've,652.37,652.53
been,652.53,652.6899999999999
around,652.7,653.13
for,653.13,653.3
50,653.33,653.75
years,653.76,654.78
And,656.96,657.09
so,657.09,657.19
we,657.19,657.3100000000001
took,657.309999,657.4899989999999
some,657.49,657.6800000000001
calls,657.679999,658.249999
and,658.25,658.56
we,659.24,659.46
ended,659.46,659.7900000000001
that,659.79,659.9599999999999
conversation,659.96,661.09
turned,662.11,662.4
the,662.4,662.49
mics,662.49,662.84
off,662.839999,663.519999
and,663.82,663.96
left,663.96,664.13
the,664.129999,664.229999
studio,664.23,664.83
Now,666.55,666.7299999999999
just,666.75,667.1
a,667.1,667.3100000000001
few,667.61,668.02
weeks,668.03,668.47
ago,668.47,668.9300000000001
a,670.22,670.2900000000001
gentleman,670.29,670.6899999999999
came,670.69,670.94
to,670.94,671.0100000000001
our,671.01,671.1
house,671.1,671.39
for,671.39,671.51
a,671.51,671.59
service,671.59,672.0300000000001
call,672.03,672.31
to,672.31,672.4699999999999
repair,672.47,673.0600000000001
the,673.32,673.46
windshield,673.46,674.21
of,674.72,674.88
my,674.88,675.04
car,675.04,675.54
It's,676.62,676.75
right,676.75,676.9
in,676.9,676.9599999999999
there,676.96,677.08
in,677.08,677.1500000000001
the,677.15,677.22
driveway,677.219999,677.979999
I,678.179999,678.299999
met,678.3,678.5
him,678.5,678.62
outside,678.62,679.43
and,680.61,680.75
he,680.75,680.85
said,680.86,681.07
to,681.07,681.19
me,681.19,681.4100000000001
You,681.42,681.5
know,681.51,681.55
I,681.56,681.69
have,681.7,681.87
a,681.87,681.93
friend,681.929999,682.369999
who,682.369999,682.539999
lives,682.539999,682.879999
over,682.879999,683.109999
here,683.109999,683.699999
and,684.129999,684.279999
he,684.279999,684.439999
told,684.440001,684.740001
me,684.75,685.37
that,685.56,685.7299999999999
that,685.73,685.95
news,685.95,686.34
lady,686.36,686.98
lives,687.52,687.8299999999999
over,687.83,688.0300000000001
here,688.03,688.47
Do,691.13,691.26
you,691.26,691.46
know,691.47,691.74
her,691.74,692.11
And,695.719999,696.029999
I,696.03,696.1999999999999
said,696.21,696.7900000000001
pausing,697.92,698.63
feeling,699.82,700.3000000000001
pride,700.299999,701.029999
and,701.09,701.2900000000001
trepidation,701.289999,702.189999
and,704.549999,704.629999
I,704.8,704.93
said,704.94,705.23
Well,705.23,705.5500000000001
I,705.58,706.14
I,706.85,707.16
am,707.16,707.6999999999999
that,707.86,708.3100000000001
woman,708.85,709.38
You,710.2,710.4200000000001
are,710.42,710.5999999999999
I'm,711.57,711.7900000000001
I'm,711.82,712.0300000000001
Carol,712.03,712.29
Daniel,712.29,712.8299999999999
And,713.94,714.33
and,714.349999,714.569999
there,714.57,714.7600000000001
it,714.759999,714.859999
is,714.86,715.0
again,715.0,715.57
He's,717.19,717.4100000000001
looking,717.41,717.67
at,717.67,717.8299999999999
me,717.83,718.19
He's,719.42,719.68
sizing,719.68,720.42
me,720.42,720.67
up,720.92,721.0999999999999
He,721.83,722.08
sized,722.08,722.97
me,723.0,723.26
up,723.33,723.84
in,724.33,724.6
my,724.6,724.86
driveway,724.86,725.59
and,727.75,727.93
I,727.93,728.03
thought,728.04,728.43
Did,730.34,730.51
he,730.51,730.6
think,730.599999,730.839999
I,730.84,730.9100000000001
was,730.91,731.0899999999999
white,731.09,731.5400000000001
Is,733.45,733.62
he,733.62,733.73
surprised,733.73,734.16
now,734.2,734.34
to,734.34,734.44
find,734.44,734.75
out,734.75,734.77
that,734.77,734.85
I'm,734.849999,734.969999
black,734.969999,735.509999
And,738.190001,738.3800010000001
I,738.379999,738.459999
thought,738.46,738.85
the,740.21,740.36
debate,740.36,740.94
apparently,741.69,742.24
the,742.24,742.36
debate,742.36,742.97
is,743.89,744.04
still,744.04,744.31
there,744.31,744.8
in,745.49,745.7
some,745.7,745.97
form,745.97,746.4
or,746.42,746.53
fashion,746.53,747.14
I,748.09,748.25
am,748.25,748.47
not,748.469999,748.6799990000001
at,748.679999,748.809999
all,748.809999,749.009999
sure,749.01,749.35
I,749.38,749.84
can,750.099999,750.3099990000001
ever,750.349999,750.609999
really,750.61,750.9300000000001
do,750.929999,751.259999
anything,751.27,751.96
about,751.98,752.39
it,752.389999,752.759999
There's,754.27,754.4399999999999
a,754.440001,754.5200010000001
lot,754.52,754.76
more,754.76,755.24
at,755.32,755.5500000000001
stake,755.549999,756.269999
There's,756.789999,756.9599989999999
a,756.96,757.0400000000001
lot,757.04,757.3199999999999
more,757.32,757.71
to,757.71,757.9000000000001
juggle,757.9,758.59
in,758.9,759.14
my,759.14,759.3199999999999
life,759.32,759.9000000000001
There's,761.32,761.47
a,761.47,761.5500000000001
lot,761.55,761.79
more,761.79,762.0699999999999
weight,762.07,762.6700000000001
in,762.79,762.98
my,762.98,763.16
life,763.16,763.85
I,764.57,764.72
just,764.72,764.9200000000001
try,764.94,765.1600000000001
to,765.16,765.26
not,765.26,765.52
let,765.52,765.71
it,765.71,765.87
weigh,766.15,766.48
me,766.48,766.65
down,766.65,767.28
But,770.11,770.3000000000001
this,770.299999,770.529999
I,770.53,770.63
know,770.63,771.04
I,772.529999,772.679999
deserve,772.68,773.64
to,773.809999,774.029999
be,774.029999,774.259999
here,774.359999,774.709999
I,776.2,776.21
deserve,776.21,777.13
this,777.87,778.15
job,778.15,778.8299999999999
And,782.03,782.1999999999999
I,782.2,782.2700000000001
don't,782.27,782.51
have,782.52,782.86
this,782.86,783.09
job,783.09,783.5400000000001
because,784.49,784.87
I,785.01,785.02
sound,785.02,785.43
white,785.44,786.0200000000001
I,787.259999,787.419999
have,787.42,787.7099999999999
this,787.71,787.9300000000001
job,787.929999,788.519999
because,789.059999,789.3699989999999
I,789.46,789.52
am,789.52,789.73
good,789.73,790.28
at,790.57,790.7800000000001
what,790.779999,791.009999
I,791.01,791.13
do,791.129999,791.469999
Thank,792.35,792.61
you,799.8100000000001,799.83
